"","Importer","Year","Category","Country","region","subregion","vol","SYear","Category1"
"1","BD","0","2","Bangladesh","Asia","Southern Asia",0,-1.65035306030716,"No"
"2","BE","0","1","Belgium","Europe","Western Europe",200,-1.65035306030716,"Yes"
"3","CA","0","1","Canada","Americas","Northern America",1079,-1.65035306030716,"Yes"
"4","CH","0","1","Switzerland","Europe","Western Europe",360,-1.65035306030716,"Yes"
"5","CL","0","P","Chile","Americas","Latin America and the Caribbean",0,-1.65035306030716,"No"
"6","CN","0","2","China","Asia","Eastern Asia",0,-1.65035306030716,"No"
"7","CO","0","1","Colombia","Americas","Latin America and the Caribbean",0,-1.65035306030716,"Yes"
"8","CR","0","1","Costa Rica","Americas","Latin America and the Caribbean",0,-1.65035306030716,"Yes"
"9","CZ","0","1","Czechia","Europe","Eastern Europe",0,-1.65035306030716,"Yes"
"10","DE","0","1","Germany","Europe","Western Europe",35,-1.65035306030716,"Yes"
"11","DK","0","1","Denmark","Europe","Northern Europe",0,-1.65035306030716,"Yes"
"12","ES","0","1","Spain","Europe","Southern Europe",12,-1.65035306030716,"Yes"
"13","FR","0","1","France","Europe","Western Europe",285,-1.65035306030716,"Yes"
"14","GB","0","1","United Kingdom of Great Britain and Northern Ireland","Europe","Northern Europe",160,-1.65035306030716,"Yes"
"15","HK","0","1","Hong Kong","Asia","Eastern Asia",0,-1.65035306030716,"Yes"
"16","HU","0","2","Hungary","Europe","Eastern Europe",75,-1.65035306030716,"No"
"17","ID","0","P","Indonesia","Asia","South-eastern Asia",0,-1.65035306030716,"No"
"18","IE","0","NP","Ireland","Europe","Northern Europe",0,-1.65035306030716,"No"
"19","IT","0","1","Italy","Europe","Southern Europe",0,-1.65035306030716,"Yes"
"20","JO","0","3","Jordan","Asia","Western Asia",0,-1.65035306030716,"No"
"21","JP","0","1","Japan","Asia","Eastern Asia",1169,-1.65035306030716,"Yes"
"22","KP","0","NP","Korea (Democratic People's Republic of)","Asia","Eastern Asia",0,-1.65035306030716,"No"
"23","KR","0","1","Korea, Republic of","Asia","Eastern Asia",0,-1.65035306030716,"Yes"
"24","MA","0","3","Morocco","Africa","Northern Africa",0,-1.65035306030716,"No"
"25","MX","0","1","Mexico","Americas","Latin America and the Caribbean",0,-1.65035306030716,"Yes"
"26","NL","0","1","Netherlands","Europe","Western Europe",761,-1.65035306030716,"Yes"
"27","PT","0","1","Portugal","Europe","Southern Europe",50,-1.65035306030716,"Yes"
"28","RS","0","NP","Serbia","Europe","Southern Europe",0,-1.65035306030716,"No"
"29","RU","0","2","Russian Federation","Europe","Eastern Europe",100,-1.65035306030716,"No"
"30","SK","0","1","Slovakia","Europe","Eastern Europe",0,-1.65035306030716,"Yes"
"31","SV","0","2","El Salvador","Americas","Latin America and the Caribbean",0,-1.65035306030716,"No"
"32","TH","0","2","Thailand","Asia","South-eastern Asia",170,-1.65035306030716,"No"
"33","TW","0","NP","Taiwan, Province of China","Asia","Eastern Asia",0,-1.65035306030716,"No"
"34","UA","0","2","Ukraine","Europe","Eastern Europe",0,-1.65035306030716,"No"
"35","US","0","1","United States of America","Americas","Northern America",33820,-1.65035306030716,"Yes"
"36","ZA","0","2","South Africa","Africa","Sub-Saharan Africa",0,-1.65035306030716,"No"
"37","BD","1","2","Bangladesh","Asia","Southern Asia",350,-1.48531775427645,"No"
"38","BE","1","1","Belgium","Europe","Western Europe",0,-1.48531775427645,"Yes"
"39","CA","1","1","Canada","Americas","Northern America",1899,-1.48531775427645,"Yes"
"40","CH","1","1","Switzerland","Europe","Western Europe",200,-1.48531775427645,"Yes"
"41","CL","1","P","Chile","Americas","Latin America and the Caribbean",0,-1.48531775427645,"No"
"42","CN","1","2","China","Asia","Eastern Asia",0,-1.48531775427645,"No"
"43","CO","1","1","Colombia","Americas","Latin America and the Caribbean",0,-1.48531775427645,"Yes"
"44","CR","1","1","Costa Rica","Americas","Latin America and the Caribbean",0,-1.48531775427645,"Yes"
"45","CZ","1","1","Czechia","Europe","Eastern Europe",120,-1.48531775427645,"Yes"
"46","DE","1","1","Germany","Europe","Western Europe",1100,-1.48531775427645,"Yes"
"47","DK","1","1","Denmark","Europe","Northern Europe",0,-1.48531775427645,"Yes"
"48","ES","1","1","Spain","Europe","Southern Europe",150,-1.48531775427645,"Yes"
"49","FR","1","1","France","Europe","Western Europe",125,-1.48531775427645,"Yes"
"50","GB","1","1","United Kingdom of Great Britain and Northern Ireland","Europe","Northern Europe",50,-1.48531775427645,"Yes"
"51","HK","1","1","Hong Kong","Asia","Eastern Asia",0,-1.48531775427645,"Yes"
"52","HU","1","2","Hungary","Europe","Eastern Europe",0,-1.48531775427645,"No"
"53","ID","1","P","Indonesia","Asia","South-eastern Asia",0,-1.48531775427645,"No"
"54","IE","1","NP","Ireland","Europe","Northern Europe",0,-1.48531775427645,"No"
"55","IT","1","1","Italy","Europe","Southern Europe",0,-1.48531775427645,"Yes"
"56","JO","1","3","Jordan","Asia","Western Asia",0,-1.48531775427645,"No"
"57","JP","1","1","Japan","Asia","Eastern Asia",3885,-1.48531775427645,"Yes"
"58","KP","1","NP","Korea (Democratic People's Republic of)","Asia","Eastern Asia",0,-1.48531775427645,"No"
"59","KR","1","1","Korea, Republic of","Asia","Eastern Asia",0,-1.48531775427645,"Yes"
"60","MA","1","3","Morocco","Africa","Northern Africa",0,-1.48531775427645,"No"
"61","MX","1","1","Mexico","Americas","Latin America and the Caribbean",0,-1.48531775427645,"Yes"
"62","NL","1","1","Netherlands","Europe","Western Europe",225,-1.48531775427645,"Yes"
"63","PT","1","1","Portugal","Europe","Southern Europe",0,-1.48531775427645,"Yes"
"64","RS","1","NP","Serbia","Europe","Southern Europe",0,-1.48531775427645,"No"
"65","RU","1","2","Russian Federation","Europe","Eastern Europe",0,-1.48531775427645,"No"
"66","SK","1","1","Slovakia","Europe","Eastern Europe",0,-1.48531775427645,"Yes"
"67","SV","1","2","El Salvador","Americas","Latin America and the Caribbean",0,-1.48531775427645,"No"
"68","TH","1","2","Thailand","Asia","South-eastern Asia",220,-1.48531775427645,"No"
"69","TW","1","NP","Taiwan, Province of China","Asia","Eastern Asia",0,-1.48531775427645,"No"
"70","UA","1","2","Ukraine","Europe","Eastern Europe",0,-1.48531775427645,"No"
"71","US","1","1","United States of America","Americas","Northern America",33399,-1.48531775427645,"Yes"
"72","ZA","1","2","South Africa","Africa","Sub-Saharan Africa",0,-1.48531775427645,"No"
"73","BD","2","2","Bangladesh","Asia","Southern Asia",0,-1.32028244824573,"No"
"74","BE","2","1","Belgium","Europe","Western Europe",0,-1.32028244824573,"Yes"
"75","CA","2","1","Canada","Americas","Northern America",2125,-1.32028244824573,"Yes"
"76","CH","2","1","Switzerland","Europe","Western Europe",260,-1.32028244824573,"Yes"
"77","CL","2","P","Chile","Americas","Latin America and the Caribbean",0,-1.32028244824573,"No"
"78","CN","2","2","China","Asia","Eastern Asia",0,-1.32028244824573,"No"
"79","CO","2","1","Colombia","Americas","Latin America and the Caribbean",0,-1.32028244824573,"Yes"
"80","CR","2","1","Costa Rica","Americas","Latin America and the Caribbean",0,-1.32028244824573,"Yes"
"81","CZ","2","1","Czechia","Europe","Eastern Europe",0,-1.32028244824573,"Yes"
"82","DE","2","1","Germany","Europe","Western Europe",475,-1.32028244824573,"Yes"
"83","DK","2","1","Denmark","Europe","Northern Europe",0,-1.32028244824573,"Yes"
"84","ES","2","1","Spain","Europe","Southern Europe",0,-1.32028244824573,"Yes"
"85","FR","2","1","France","Europe","Western Europe",0,-1.32028244824573,"Yes"
"86","GB","2","1","United Kingdom of Great Britain and Northern Ireland","Europe","Northern Europe",984,-1.32028244824573,"Yes"
"87","HK","2","1","Hong Kong","Asia","Eastern Asia",600,-1.32028244824573,"Yes"
"88","HU","2","2","Hungary","Europe","Eastern Europe",0,-1.32028244824573,"No"
"89","ID","2","P","Indonesia","Asia","South-eastern Asia",0,-1.32028244824573,"No"
"90","IE","2","P","Ireland","Europe","Northern Europe",0,-1.32028244824573,"No"
"91","IT","2","1","Italy","Europe","Southern Europe",0,-1.32028244824573,"Yes"
"92","JO","2","3","Jordan","Asia","Western Asia",0,-1.32028244824573,"No"
"93","JP","2","1","Japan","Asia","Eastern Asia",205,-1.32028244824573,"Yes"
"94","KP","2","NP","Korea (Democratic People's Republic of)","Asia","Eastern Asia",0,-1.32028244824573,"No"
"95","KR","2","1","Korea, Republic of","Asia","Eastern Asia",0,-1.32028244824573,"Yes"
"96","MA","2","3","Morocco","Africa","Northern Africa",0,-1.32028244824573,"No"
"97","MX","2","1","Mexico","Americas","Latin America and the Caribbean",0,-1.32028244824573,"Yes"
"98","NL","2","1","Netherlands","Europe","Western Europe",310,-1.32028244824573,"Yes"
"99","PT","2","1","Portugal","Europe","Southern Europe",0,-1.32028244824573,"Yes"
"100","RS","2","NP","Serbia","Europe","Southern Europe",0,-1.32028244824573,"No"
"101","RU","2","2","Russian Federation","Europe","Eastern Europe",0,-1.32028244824573,"No"
"102","SK","2","1","Slovakia","Europe","Eastern Europe",0,-1.32028244824573,"Yes"
"103","SV","2","2","El Salvador","Americas","Latin America and the Caribbean",1380,-1.32028244824573,"No"
"104","TH","2","1","Thailand","Asia","South-eastern Asia",600,-1.32028244824573,"Yes"
"105","TW","2","NP","Taiwan, Province of China","Asia","Eastern Asia",0,-1.32028244824573,"No"
"106","UA","2","2","Ukraine","Europe","Eastern Europe",0,-1.32028244824573,"No"
"107","US","2","1","United States of America","Americas","Northern America",19412,-1.32028244824573,"Yes"
"108","ZA","2","2","South Africa","Africa","Sub-Saharan Africa",0,-1.32028244824573,"No"
"109","BD","3","2","Bangladesh","Asia","Southern Asia",0,-1.15524714221502,"No"
"110","BE","3","1","Belgium","Europe","Western Europe",0,-1.15524714221502,"Yes"
"111","CA","3","1","Canada","Americas","Northern America",0,-1.15524714221502,"Yes"
"112","CH","3","1","Switzerland","Europe","Western Europe",0,-1.15524714221502,"Yes"
"113","CL","3","P","Chile","Americas","Latin America and the Caribbean",0,-1.15524714221502,"No"
"114","CN","3","2","China","Asia","Eastern Asia",0,-1.15524714221502,"No"
"115","CO","3","1","Colombia","Americas","Latin America and the Caribbean",0,-1.15524714221502,"Yes"
"116","CR","3","1","Costa Rica","Americas","Latin America and the Caribbean",0,-1.15524714221502,"Yes"
"117","CZ","3","1","Czechia","Europe","Eastern Europe",0,-1.15524714221502,"Yes"
"118","DE","3","1","Germany","Europe","Western Europe",125,-1.15524714221502,"Yes"
"119","DK","3","1","Denmark","Europe","Northern Europe",0,-1.15524714221502,"Yes"
"120","ES","3","1","Spain","Europe","Southern Europe",0,-1.15524714221502,"Yes"
"121","FR","3","1","France","Europe","Western Europe",0,-1.15524714221502,"Yes"
"122","GB","3","1","United Kingdom of Great Britain and Northern Ireland","Europe","Northern Europe",0,-1.15524714221502,"Yes"
"123","HK","3","1","Hong Kong","Asia","Eastern Asia",0,-1.15524714221502,"Yes"
"124","HU","3","2","Hungary","Europe","Eastern Europe",0,-1.15524714221502,"No"
"125","ID","3","P","Indonesia","Asia","South-eastern Asia",0,-1.15524714221502,"No"
"126","IE","3","P","Ireland","Europe","Northern Europe",0,-1.15524714221502,"No"
"127","IT","3","1","Italy","Europe","Southern Europe",0,-1.15524714221502,"Yes"
"128","JO","3","3","Jordan","Asia","Western Asia",0,-1.15524714221502,"No"
"129","JP","3","1","Japan","Asia","Eastern Asia",60,-1.15524714221502,"Yes"
"130","KP","3","NP","Korea (Democratic People's Republic of)","Asia","Eastern Asia",0,-1.15524714221502,"No"
"131","KR","3","1","Korea, Republic of","Asia","Eastern Asia",0,-1.15524714221502,"Yes"
"132","MA","3","3","Morocco","Africa","Northern Africa",0,-1.15524714221502,"No"
"133","MX","3","1","Mexico","Americas","Latin America and the Caribbean",0,-1.15524714221502,"Yes"
"134","NL","3","1","Netherlands","Europe","Western Europe",0,-1.15524714221502,"Yes"
"135","PT","3","1","Portugal","Europe","Southern Europe",0,-1.15524714221502,"Yes"
"136","RS","3","NP","Serbia","Europe","Southern Europe",0,-1.15524714221502,"No"
"137","RU","3","2","Russian Federation","Europe","Eastern Europe",30,-1.15524714221502,"No"
"138","SK","3","1","Slovakia","Europe","Eastern Europe",0,-1.15524714221502,"Yes"
"139","SV","3","2","El Salvador","Americas","Latin America and the Caribbean",0,-1.15524714221502,"No"
"140","TH","3","1","Thailand","Asia","South-eastern Asia",0,-1.15524714221502,"Yes"
"141","TW","3","NP","Taiwan, Province of China","Asia","Eastern Asia",112,-1.15524714221502,"No"
"142","UA","3","2","Ukraine","Europe","Eastern Europe",0,-1.15524714221502,"No"
"143","US","3","1","United States of America","Americas","Northern America",1615,-1.15524714221502,"Yes"
"144","ZA","3","2","South Africa","Africa","Sub-Saharan Africa",0,-1.15524714221502,"No"
"145","BD","4","2","Bangladesh","Asia","Southern Asia",0,-0.990211836184299,"No"
"146","BE","4","1","Belgium","Europe","Western Europe",0,-0.990211836184299,"Yes"
"147","CA","4","1","Canada","Americas","Northern America",4170,-0.990211836184299,"Yes"
"148","CH","4","1","Switzerland","Europe","Western Europe",630,-0.990211836184299,"Yes"
"149","CL","4","2","Chile","Americas","Latin America and the Caribbean",0,-0.990211836184299,"No"
"150","CN","4","2","China","Asia","Eastern Asia",300,-0.990211836184299,"No"
"151","CO","4","1","Colombia","Americas","Latin America and the Caribbean",0,-0.990211836184299,"Yes"
"152","CR","4","1","Costa Rica","Americas","Latin America and the Caribbean",0,-0.990211836184299,"Yes"
"153","CZ","4","1","Czechia","Europe","Eastern Europe",5,-0.990211836184299,"Yes"
"154","DE","4","1","Germany","Europe","Western Europe",475,-0.990211836184299,"Yes"
"155","DK","4","1","Denmark","Europe","Northern Europe",0,-0.990211836184299,"Yes"
"156","ES","4","1","Spain","Europe","Southern Europe",0,-0.990211836184299,"Yes"
"157","FR","4","1","France","Europe","Western Europe",0,-0.990211836184299,"Yes"
"158","GB","4","1","United Kingdom of Great Britain and Northern Ireland","Europe","Northern Europe",110,-0.990211836184299,"Yes"
"159","HK","4","1","Hong Kong","Asia","Eastern Asia",0,-0.990211836184299,"Yes"
"160","HU","4","2","Hungary","Europe","Eastern Europe",0,-0.990211836184299,"No"
"161","ID","4","2","Indonesia","Asia","South-eastern Asia",0,-0.990211836184299,"No"
"162","IE","4","P","Ireland","Europe","Northern Europe",0,-0.990211836184299,"No"
"163","IT","4","1","Italy","Europe","Southern Europe",0,-0.990211836184299,"Yes"
"164","JO","4","3","Jordan","Asia","Western Asia",0,-0.990211836184299,"No"
"165","JP","4","1","Japan","Asia","Eastern Asia",877,-0.990211836184299,"Yes"
"166","KP","4","NP","Korea (Democratic People's Republic of)","Asia","Eastern Asia",0,-0.990211836184299,"No"
"167","KR","4","1","Korea, Republic of","Asia","Eastern Asia",0,-0.990211836184299,"Yes"
"168","MA","4","3","Morocco","Africa","Northern Africa",0,-0.990211836184299,"No"
"169","MX","4","1","Mexico","Americas","Latin America and the Caribbean",0,-0.990211836184299,"Yes"
"170","NL","4","1","Netherlands","Europe","Western Europe",0,-0.990211836184299,"Yes"
"171","PT","4","1","Portugal","Europe","Southern Europe",0,-0.990211836184299,"Yes"
"172","RS","4","NP","Serbia","Europe","Southern Europe",0,-0.990211836184299,"No"
"173","RU","4","1","Russian Federation","Europe","Eastern Europe",0,-0.990211836184299,"Yes"
"174","SK","4","1","Slovakia","Europe","Eastern Europe",0,-0.990211836184299,"Yes"
"175","SV","4","2","El Salvador","Americas","Latin America and the Caribbean",0,-0.990211836184299,"No"
"176","TH","4","1","Thailand","Asia","South-eastern Asia",0,-0.990211836184299,"Yes"
"177","TW","4","NP","Taiwan, Province of China","Asia","Eastern Asia",0,-0.990211836184299,"No"
"178","UA","4","2","Ukraine","Europe","Eastern Europe",0,-0.990211836184299,"No"
"179","US","4","1","United States of America","Americas","Northern America",29900,-0.990211836184299,"Yes"
"180","ZA","4","2","South Africa","Africa","Sub-Saharan Africa",0,-0.990211836184299,"No"
"181","BD","5","2","Bangladesh","Asia","Southern Asia",0,-0.825176530153582,"No"
"182","BE","5","1","Belgium","Europe","Western Europe",0,-0.825176530153582,"Yes"
"183","CA","5","1","Canada","Americas","Northern America",2341,-0.825176530153582,"Yes"
"184","CH","5","1","Switzerland","Europe","Western Europe",117,-0.825176530153582,"Yes"
"185","CL","5","2","Chile","Americas","Latin America and the Caribbean",0,-0.825176530153582,"No"
"186","CN","5","2","China","Asia","Eastern Asia",394,-0.825176530153582,"No"
"187","CO","5","1","Colombia","Americas","Latin America and the Caribbean",0,-0.825176530153582,"Yes"
"188","CR","5","1","Costa Rica","Americas","Latin America and the Caribbean",0,-0.825176530153582,"Yes"
"189","CZ","5","1","Czechia","Europe","Eastern Europe",0,-0.825176530153582,"Yes"
"190","DE","5","1","Germany","Europe","Western Europe",943,-0.825176530153582,"Yes"
"191","DK","5","1","Denmark","Europe","Northern Europe",0,-0.825176530153582,"Yes"
"192","ES","5","1","Spain","Europe","Southern Europe",0,-0.825176530153582,"Yes"
"193","FR","5","1","France","Europe","Western Europe",0,-0.825176530153582,"Yes"
"194","GB","5","1","United Kingdom of Great Britain and Northern Ireland","Europe","Northern Europe",148,-0.825176530153582,"Yes"
"195","HK","5","1","Hong Kong","Asia","Eastern Asia",0,-0.825176530153582,"Yes"
"196","HU","5","1","Hungary","Europe","Eastern Europe",0,-0.825176530153582,"Yes"
"197","ID","5","1","Indonesia","Asia","South-eastern Asia",0,-0.825176530153582,"Yes"
"198","IE","5","P","Ireland","Europe","Northern Europe",0,-0.825176530153582,"No"
"199","IT","5","1","Italy","Europe","Southern Europe",0,-0.825176530153582,"Yes"
"200","JO","5","3","Jordan","Asia","Western Asia",0,-0.825176530153582,"No"
"201","JP","5","1","Japan","Asia","Eastern Asia",1366,-0.825176530153582,"Yes"
"202","KP","5","NP","Korea (Democratic People's Republic of)","Asia","Eastern Asia",0,-0.825176530153582,"No"
"203","KR","5","1","Korea, Republic of","Asia","Eastern Asia",0,-0.825176530153582,"Yes"
"204","MA","5","3","Morocco","Africa","Northern Africa",0,-0.825176530153582,"No"
"205","MX","5","1","Mexico","Americas","Latin America and the Caribbean",0,-0.825176530153582,"Yes"
"206","NL","5","1","Netherlands","Europe","Western Europe",100,-0.825176530153582,"Yes"
"207","PT","5","1","Portugal","Europe","Southern Europe",0,-0.825176530153582,"Yes"
"208","RS","5","NP","Serbia","Europe","Southern Europe",0,-0.825176530153582,"No"
"209","RU","5","1","Russian Federation","Europe","Eastern Europe",0,-0.825176530153582,"Yes"
"210","SK","5","1","Slovakia","Europe","Eastern Europe",0,-0.825176530153582,"Yes"
"211","SV","5","2","El Salvador","Americas","Latin America and the Caribbean",0,-0.825176530153582,"No"
"212","TH","5","1","Thailand","Asia","South-eastern Asia",0,-0.825176530153582,"Yes"
"213","TW","5","NP","Taiwan, Province of China","Asia","Eastern Asia",284,-0.825176530153582,"No"
"214","UA","5","2","Ukraine","Europe","Eastern Europe",0,-0.825176530153582,"No"
"215","US","5","1","United States of America","Americas","Northern America",7882,-0.825176530153582,"Yes"
"216","ZA","5","2","South Africa","Africa","Sub-Saharan Africa",0,-0.825176530153582,"No"
"217","BD","6","2","Bangladesh","Asia","Southern Asia",0,-0.660141224122866,"No"
"218","BE","6","1","Belgium","Europe","Western Europe",0,-0.660141224122866,"Yes"
"219","CA","6","1","Canada","Americas","Northern America",2192,-0.660141224122866,"Yes"
"220","CH","6","1","Switzerland","Europe","Western Europe",48,-0.660141224122866,"Yes"
"221","CL","6","2","Chile","Americas","Latin America and the Caribbean",0,-0.660141224122866,"No"
"222","CN","6","1","China","Asia","Eastern Asia",372,-0.660141224122866,"Yes"
"223","CO","6","1","Colombia","Americas","Latin America and the Caribbean",0,-0.660141224122866,"Yes"
"224","CR","6","1","Costa Rica","Americas","Latin America and the Caribbean",0,-0.660141224122866,"Yes"
"225","CZ","6","1","Czechia","Europe","Eastern Europe",0,-0.660141224122866,"Yes"
"226","DE","6","1","Germany","Europe","Western Europe",580,-0.660141224122866,"Yes"
"227","DK","6","1","Denmark","Europe","Northern Europe",0,-0.660141224122866,"Yes"
"228","ES","6","1","Spain","Europe","Southern Europe",0,-0.660141224122866,"Yes"
"229","FR","6","1","France","Europe","Western Europe",0,-0.660141224122866,"Yes"
"230","GB","6","1","United Kingdom of Great Britain and Northern Ireland","Europe","Northern Europe",50,-0.660141224122866,"Yes"
"231","HK","6","1","Hong Kong","Asia","Eastern Asia",0,-0.660141224122866,"Yes"
"232","HU","6","1","Hungary","Europe","Eastern Europe",0,-0.660141224122866,"Yes"
"233","ID","6","1","Indonesia","Asia","South-eastern Asia",0,-0.660141224122866,"Yes"
"234","IE","6","1","Ireland","Europe","Northern Europe",0,-0.660141224122866,"Yes"
"235","IT","6","1","Italy","Europe","Southern Europe",0,-0.660141224122866,"Yes"
"236","JO","6","3","Jordan","Asia","Western Asia",0,-0.660141224122866,"No"
"237","JP","6","1","Japan","Asia","Eastern Asia",1508,-0.660141224122866,"Yes"
"238","KP","6","NP","Korea (Democratic People's Republic of)","Asia","Eastern Asia",0,-0.660141224122866,"No"
"239","KR","6","1","Korea, Republic of","Asia","Eastern Asia",8,-0.660141224122866,"Yes"
"240","MA","6","3","Morocco","Africa","Northern Africa",0,-0.660141224122866,"No"
"241","MX","6","1","Mexico","Americas","Latin America and the Caribbean",0,-0.660141224122866,"Yes"
"242","NL","6","1","Netherlands","Europe","Western Europe",692,-0.660141224122866,"Yes"
"243","PT","6","1","Portugal","Europe","Southern Europe",0,-0.660141224122866,"Yes"
"244","RS","6","P","Serbia","Europe","Southern Europe",0,-0.660141224122866,"No"
"245","RU","6","1","Russian Federation","Europe","Eastern Europe",0,-0.660141224122866,"Yes"
"246","SK","6","1","Slovakia","Europe","Eastern Europe",0,-0.660141224122866,"Yes"
"247","SV","6","2","El Salvador","Americas","Latin America and the Caribbean",0,-0.660141224122866,"No"
"248","TH","6","1","Thailand","Asia","South-eastern Asia",322,-0.660141224122866,"Yes"
"249","TW","6","NP","Taiwan, Province of China","Asia","Eastern Asia",654,-0.660141224122866,"No"
"250","UA","6","2","Ukraine","Europe","Eastern Europe",0,-0.660141224122866,"No"
"251","US","6","1","United States of America","Americas","Northern America",9468,-0.660141224122866,"Yes"
"252","ZA","6","2","South Africa","Africa","Sub-Saharan Africa",0,-0.660141224122866,"No"
"253","BD","7","2","Bangladesh","Asia","Southern Asia",0,-0.495105918092149,"No"
"254","BE","7","1","Belgium","Europe","Western Europe",0,-0.495105918092149,"Yes"
"255","CA","7","1","Canada","Americas","Northern America",1051,-0.495105918092149,"Yes"
"256","CH","7","1","Switzerland","Europe","Western Europe",60,-0.495105918092149,"Yes"
"257","CL","7","2","Chile","Americas","Latin America and the Caribbean",0,-0.495105918092149,"No"
"258","CN","7","1","China","Asia","Eastern Asia",657,-0.495105918092149,"Yes"
"259","CO","7","1","Colombia","Americas","Latin America and the Caribbean",0,-0.495105918092149,"Yes"
"260","CR","7","1","Costa Rica","Americas","Latin America and the Caribbean",0,-0.495105918092149,"Yes"
"261","CZ","7","1","Czechia","Europe","Eastern Europe",45,-0.495105918092149,"Yes"
"262","DE","7","1","Germany","Europe","Western Europe",299,-0.495105918092149,"Yes"
"263","DK","7","1","Denmark","Europe","Northern Europe",0,-0.495105918092149,"Yes"
"264","ES","7","1","Spain","Europe","Southern Europe",0,-0.495105918092149,"Yes"
"265","FR","7","1","France","Europe","Western Europe",0,-0.495105918092149,"Yes"
"266","GB","7","1","United Kingdom of Great Britain and Northern Ireland","Europe","Northern Europe",0,-0.495105918092149,"Yes"
"267","HK","7","1","Hong Kong","Asia","Eastern Asia",0,-0.495105918092149,"Yes"
"268","HU","7","1","Hungary","Europe","Eastern Europe",0,-0.495105918092149,"Yes"
"269","ID","7","1","Indonesia","Asia","South-eastern Asia",0,-0.495105918092149,"Yes"
"270","IE","7","1","Ireland","Europe","Northern Europe",0,-0.495105918092149,"Yes"
"271","IT","7","1","Italy","Europe","Southern Europe",206,-0.495105918092149,"Yes"
"272","JO","7","2","Jordan","Asia","Western Asia",0,-0.495105918092149,"No"
"273","JP","7","1","Japan","Asia","Eastern Asia",257,-0.495105918092149,"Yes"
"274","KP","7","NP","Korea (Democratic People's Republic of)","Asia","Eastern Asia",0,-0.495105918092149,"No"
"275","KR","7","1","Korea, Republic of","Asia","Eastern Asia",0,-0.495105918092149,"Yes"
"276","MA","7","3","Morocco","Africa","Northern Africa",0,-0.495105918092149,"No"
"277","MX","7","1","Mexico","Americas","Latin America and the Caribbean",250,-0.495105918092149,"Yes"
"278","NL","7","1","Netherlands","Europe","Western Europe",300,-0.495105918092149,"Yes"
"279","PT","7","1","Portugal","Europe","Southern Europe",0,-0.495105918092149,"Yes"
"280","RS","7","P","Serbia","Europe","Southern Europe",0,-0.495105918092149,"No"
"281","RU","7","1","Russian Federation","Europe","Eastern Europe",0,-0.495105918092149,"Yes"
"282","SK","7","1","Slovakia","Europe","Eastern Europe",0,-0.495105918092149,"Yes"
"283","SV","7","2","El Salvador","Americas","Latin America and the Caribbean",0,-0.495105918092149,"No"
"284","TH","7","1","Thailand","Asia","South-eastern Asia",226,-0.495105918092149,"Yes"
"285","TW","7","NP","Taiwan, Province of China","Asia","Eastern Asia",1053,-0.495105918092149,"No"
"286","UA","7","1","Ukraine","Europe","Eastern Europe",0,-0.495105918092149,"Yes"
"287","US","7","1","United States of America","Americas","Northern America",7894,-0.495105918092149,"Yes"
"288","ZA","7","2","South Africa","Africa","Sub-Saharan Africa",0,-0.495105918092149,"No"
"289","BD","8","2","Bangladesh","Asia","Southern Asia",0,-0.330070612061433,"No"
"290","BE","8","1","Belgium","Europe","Western Europe",0,-0.330070612061433,"Yes"
"291","CA","8","1","Canada","Americas","Northern America",2418,-0.330070612061433,"Yes"
"292","CH","8","1","Switzerland","Europe","Western Europe",435,-0.330070612061433,"Yes"
"293","CL","8","2","Chile","Americas","Latin America and the Caribbean",0,-0.330070612061433,"No"
"294","CN","8","1","China","Asia","Eastern Asia",0,-0.330070612061433,"Yes"
"295","CO","8","1","Colombia","Americas","Latin America and the Caribbean",0,-0.330070612061433,"Yes"
"296","CR","8","1","Costa Rica","Americas","Latin America and the Caribbean",0,-0.330070612061433,"Yes"
"297","CZ","8","1","Czechia","Europe","Eastern Europe",0,-0.330070612061433,"Yes"
"298","DE","8","1","Germany","Europe","Western Europe",729,-0.330070612061433,"Yes"
"299","DK","8","1","Denmark","Europe","Northern Europe",0,-0.330070612061433,"Yes"
"300","ES","8","1","Spain","Europe","Southern Europe",30,-0.330070612061433,"Yes"
"301","FR","8","1","France","Europe","Western Europe",0,-0.330070612061433,"Yes"
"302","GB","8","1","United Kingdom of Great Britain and Northern Ireland","Europe","Northern Europe",80,-0.330070612061433,"Yes"
"303","HK","8","1","Hong Kong","Asia","Eastern Asia",0,-0.330070612061433,"Yes"
"304","HU","8","1","Hungary","Europe","Eastern Europe",0,-0.330070612061433,"Yes"
"305","ID","8","1","Indonesia","Asia","South-eastern Asia",0,-0.330070612061433,"Yes"
"306","IE","8","1","Ireland","Europe","Northern Europe",0,-0.330070612061433,"Yes"
"307","IT","8","1","Italy","Europe","Southern Europe",0,-0.330070612061433,"Yes"
"308","JO","8","2","Jordan","Asia","Western Asia",0,-0.330070612061433,"No"
"309","JP","8","1","Japan","Asia","Eastern Asia",2313,-0.330070612061433,"Yes"
"310","KP","8","NP","Korea (Democratic People's Republic of)","Asia","Eastern Asia",0,-0.330070612061433,"No"
"311","KR","8","1","Korea, Republic of","Asia","Eastern Asia",0,-0.330070612061433,"Yes"
"312","MA","8","3","Morocco","Africa","Northern Africa",102,-0.330070612061433,"No"
"313","MX","8","1","Mexico","Americas","Latin America and the Caribbean",0,-0.330070612061433,"Yes"
"314","NL","8","1","Netherlands","Europe","Western Europe",1581,-0.330070612061433,"Yes"
"315","PT","8","1","Portugal","Europe","Southern Europe",0,-0.330070612061433,"Yes"
"316","RS","8","P","Serbia","Europe","Southern Europe",0,-0.330070612061433,"No"
"317","RU","8","1","Russian Federation","Europe","Eastern Europe",150,-0.330070612061433,"Yes"
"318","SK","8","1","Slovakia","Europe","Eastern Europe",0,-0.330070612061433,"Yes"
"319","SV","8","2","El Salvador","Americas","Latin America and the Caribbean",0,-0.330070612061433,"No"
"320","TH","8","1","Thailand","Asia","South-eastern Asia",0,-0.330070612061433,"Yes"
"321","TW","8","NP","Taiwan, Province of China","Asia","Eastern Asia",648,-0.330070612061433,"No"
"322","UA","8","1","Ukraine","Europe","Eastern Europe",150,-0.330070612061433,"Yes"
"323","US","8","1","United States of America","Americas","Northern America",10218,-0.330070612061433,"Yes"
"324","ZA","8","2","South Africa","Africa","Sub-Saharan Africa",0,-0.330070612061433,"No"
"325","BD","9","2","Bangladesh","Asia","Southern Asia",0,-0.165035306030716,"No"
"326","BE","9","1","Belgium","Europe","Western Europe",0,-0.165035306030716,"Yes"
"327","CA","9","1","Canada","Americas","Northern America",696,-0.165035306030716,"Yes"
"328","CH","9","1","Switzerland","Europe","Western Europe",623,-0.165035306030716,"Yes"
"329","CL","9","2","Chile","Americas","Latin America and the Caribbean",150,-0.165035306030716,"No"
"330","CN","9","1","China","Asia","Eastern Asia",0,-0.165035306030716,"Yes"
"331","CO","9","1","Colombia","Americas","Latin America and the Caribbean",0,-0.165035306030716,"Yes"
"332","CR","9","1","Costa Rica","Americas","Latin America and the Caribbean",0,-0.165035306030716,"Yes"
"333","CZ","9","1","Czechia","Europe","Eastern Europe",110,-0.165035306030716,"Yes"
"334","DE","9","1","Germany","Europe","Western Europe",762,-0.165035306030716,"Yes"
"335","DK","9","1","Denmark","Europe","Northern Europe",272,-0.165035306030716,"Yes"
"336","ES","9","1","Spain","Europe","Southern Europe",0,-0.165035306030716,"Yes"
"337","FR","9","1","France","Europe","Western Europe",100,-0.165035306030716,"Yes"
"338","GB","9","1","United Kingdom of Great Britain and Northern Ireland","Europe","Northern Europe",20,-0.165035306030716,"Yes"
"339","HK","9","1","Hong Kong","Asia","Eastern Asia",0,-0.165035306030716,"Yes"
"340","HU","9","1","Hungary","Europe","Eastern Europe",0,-0.165035306030716,"Yes"
"341","ID","9","1","Indonesia","Asia","South-eastern Asia",0,-0.165035306030716,"Yes"
"342","IE","9","1","Ireland","Europe","Northern Europe",0,-0.165035306030716,"Yes"
"343","IT","9","1","Italy","Europe","Southern Europe",0,-0.165035306030716,"Yes"
"344","JO","9","2","Jordan","Asia","Western Asia",0,-0.165035306030716,"No"
"345","JP","9","1","Japan","Asia","Eastern Asia",398,-0.165035306030716,"Yes"
"346","KP","9","NP","Korea (Democratic People's Republic of)","Asia","Eastern Asia",0,-0.165035306030716,"No"
"347","KR","9","1","Korea, Republic of","Asia","Eastern Asia",0,-0.165035306030716,"Yes"
"348","MA","9","3","Morocco","Africa","Northern Africa",0,-0.165035306030716,"No"
"349","MX","9","1","Mexico","Americas","Latin America and the Caribbean",0,-0.165035306030716,"Yes"
"350","NL","9","1","Netherlands","Europe","Western Europe",2594,-0.165035306030716,"Yes"
"351","PT","9","1","Portugal","Europe","Southern Europe",0,-0.165035306030716,"Yes"
"352","RS","9","3","Serbia","Europe","Southern Europe",363,-0.165035306030716,"No"
"353","RU","9","1","Russian Federation","Europe","Eastern Europe",0,-0.165035306030716,"Yes"
"354","SK","9","1","Slovakia","Europe","Eastern Europe",0,-0.165035306030716,"Yes"
"355","SV","9","2","El Salvador","Americas","Latin America and the Caribbean",0,-0.165035306030716,"No"
"356","TH","9","1","Thailand","Asia","South-eastern Asia",1010,-0.165035306030716,"Yes"
"357","TW","9","NP","Taiwan, Province of China","Asia","Eastern Asia",0,-0.165035306030716,"No"
"358","UA","9","1","Ukraine","Europe","Eastern Europe",0,-0.165035306030716,"Yes"
"359","US","9","1","United States of America","Americas","Northern America",8221,-0.165035306030716,"Yes"
"360","ZA","9","2","South Africa","Africa","Sub-Saharan Africa",0,-0.165035306030716,"No"
"361","BD","10","2","Bangladesh","Asia","Southern Asia",0,0,"No"
"362","BE","10","1","Belgium","Europe","Western Europe",0,0,"Yes"
"363","CA","10","1","Canada","Americas","Northern America",1382,0,"Yes"
"364","CH","10","1","Switzerland","Europe","Western Europe",1153,0,"Yes"
"365","CL","10","2","Chile","Americas","Latin America and the Caribbean",0,0,"No"
"366","CN","10","1","China","Asia","Eastern Asia",187,0,"Yes"
"367","CO","10","1","Colombia","Americas","Latin America and the Caribbean",0,0,"Yes"
"368","CR","10","1","Costa Rica","Americas","Latin America and the Caribbean",0,0,"Yes"
"369","CZ","10","1","Czechia","Europe","Eastern Europe",191,0,"Yes"
"370","DE","10","1","Germany","Europe","Western Europe",2513,0,"Yes"
"371","DK","10","1","Denmark","Europe","Northern Europe",0,0,"Yes"
"372","ES","10","1","Spain","Europe","Southern Europe",0,0,"Yes"
"373","FR","10","1","France","Europe","Western Europe",200,0,"Yes"
"374","GB","10","1","United Kingdom of Great Britain and Northern Ireland","Europe","Northern Europe",0,0,"Yes"
"375","HK","10","1","Hong Kong","Asia","Eastern Asia",0,0,"Yes"
"376","HU","10","1","Hungary","Europe","Eastern Europe",0,0,"Yes"
"377","ID","10","1","Indonesia","Asia","South-eastern Asia",0,0,"Yes"
"378","IE","10","1","Ireland","Europe","Northern Europe",0,0,"Yes"
"379","IT","10","1","Italy","Europe","Southern Europe",0,0,"Yes"
"380","JO","10","2","Jordan","Asia","Western Asia",0,0,"No"
"381","JP","10","1","Japan","Asia","Eastern Asia",2548,0,"Yes"
"382","KP","10","NP","Korea (Democratic People's Republic of)","Asia","Eastern Asia",0,0,"No"
"383","KR","10","1","Korea, Republic of","Asia","Eastern Asia",0,0,"Yes"
"384","MA","10","2","Morocco","Africa","Northern Africa",0,0,"No"
"385","MX","10","1","Mexico","Americas","Latin America and the Caribbean",0,0,"Yes"
"386","NL","10","1","Netherlands","Europe","Western Europe",2297,0,"Yes"
"387","PT","10","1","Portugal","Europe","Southern Europe",0,0,"Yes"
"388","RS","10","3","Serbia","Europe","Southern Europe",0,0,"No"
"389","RU","10","1","Russian Federation","Europe","Eastern Europe",478,0,"Yes"
"390","SK","10","1","Slovakia","Europe","Eastern Europe",0,0,"Yes"
"391","SV","10","1","El Salvador","Americas","Latin America and the Caribbean",0,0,"Yes"
"392","TH","10","1","Thailand","Asia","South-eastern Asia",126,0,"Yes"
"393","TW","10","NP","Taiwan, Province of China","Asia","Eastern Asia",0,0,"No"
"394","UA","10","1","Ukraine","Europe","Eastern Europe",0,0,"Yes"
"395","US","10","1","United States of America","Americas","Northern America",11566,0,"Yes"
"396","ZA","10","2","South Africa","Africa","Sub-Saharan Africa",0,0,"No"
"397","BD","11","2","Bangladesh","Asia","Southern Asia",0,0.165035306030716,"No"
"398","BE","11","1","Belgium","Europe","Western Europe",0,0.165035306030716,"Yes"
"399","CA","11","1","Canada","Americas","Northern America",958,0.165035306030716,"Yes"
"400","CH","11","1","Switzerland","Europe","Western Europe",664,0.165035306030716,"Yes"
"401","CL","11","2","Chile","Americas","Latin America and the Caribbean",0,0.165035306030716,"No"
"402","CN","11","1","China","Asia","Eastern Asia",0,0.165035306030716,"Yes"
"403","CO","11","1","Colombia","Americas","Latin America and the Caribbean",0,0.165035306030716,"Yes"
"404","CR","11","1","Costa Rica","Americas","Latin America and the Caribbean",36,0.165035306030716,"Yes"
"405","CZ","11","1","Czechia","Europe","Eastern Europe",235,0.165035306030716,"Yes"
"406","DE","11","1","Germany","Europe","Western Europe",1050,0.165035306030716,"Yes"
"407","DK","11","1","Denmark","Europe","Northern Europe",0,0.165035306030716,"Yes"
"408","ES","11","1","Spain","Europe","Southern Europe",50,0.165035306030716,"Yes"
"409","FR","11","1","France","Europe","Western Europe",288,0.165035306030716,"Yes"
"410","GB","11","1","United Kingdom of Great Britain and Northern Ireland","Europe","Northern Europe",0,0.165035306030716,"Yes"
"411","HK","11","1","Hong Kong","Asia","Eastern Asia",0,0.165035306030716,"Yes"
"412","HU","11","1","Hungary","Europe","Eastern Europe",0,0.165035306030716,"Yes"
"413","ID","11","1","Indonesia","Asia","South-eastern Asia",0,0.165035306030716,"Yes"
"414","IE","11","1","Ireland","Europe","Northern Europe",0,0.165035306030716,"Yes"
"415","IT","11","1","Italy","Europe","Southern Europe",0,0.165035306030716,"Yes"
"416","JO","11","2","Jordan","Asia","Western Asia",0,0.165035306030716,"No"
"417","JP","11","1","Japan","Asia","Eastern Asia",2089,0.165035306030716,"Yes"
"418","KP","11","NP","Korea (Democratic People's Republic of)","Asia","Eastern Asia",0,0.165035306030716,"No"
"419","KR","11","1","Korea, Republic of","Asia","Eastern Asia",0,0.165035306030716,"Yes"
"420","MA","11","2","Morocco","Africa","Northern Africa",0,0.165035306030716,"No"
"421","MX","11","1","Mexico","Americas","Latin America and the Caribbean",0,0.165035306030716,"Yes"
"422","NL","11","1","Netherlands","Europe","Western Europe",1206,0.165035306030716,"Yes"
"423","PT","11","1","Portugal","Europe","Southern Europe",0,0.165035306030716,"Yes"
"424","RS","11","3","Serbia","Europe","Southern Europe",0,0.165035306030716,"No"
"425","RU","11","1","Russian Federation","Europe","Eastern Europe",30,0.165035306030716,"Yes"
"426","SK","11","1","Slovakia","Europe","Eastern Europe",50,0.165035306030716,"Yes"
"427","SV","11","1","El Salvador","Americas","Latin America and the Caribbean",0,0.165035306030716,"Yes"
"428","TH","11","1","Thailand","Asia","South-eastern Asia",0,0.165035306030716,"Yes"
"429","TW","11","NP","Taiwan, Province of China","Asia","Eastern Asia",40,0.165035306030716,"No"
"430","UA","11","1","Ukraine","Europe","Eastern Europe",20,0.165035306030716,"Yes"
"431","US","11","1","United States of America","Americas","Northern America",3157,0.165035306030716,"Yes"
"432","ZA","11","2","South Africa","Africa","Sub-Saharan Africa",0,0.165035306030716,"No"
"433","BD","12","2","Bangladesh","Asia","Southern Asia",0,0.330070612061433,"No"
"434","BE","12","1","Belgium","Europe","Western Europe",0,0.330070612061433,"Yes"
"435","CA","12","1","Canada","Americas","Northern America",698,0.330070612061433,"Yes"
"436","CH","12","1","Switzerland","Europe","Western Europe",521,0.330070612061433,"Yes"
"437","CL","12","2","Chile","Americas","Latin America and the Caribbean",0,0.330070612061433,"No"
"438","CN","12","1","China","Asia","Eastern Asia",382,0.330070612061433,"Yes"
"439","CO","12","1","Colombia","Americas","Latin America and the Caribbean",0,0.330070612061433,"Yes"
"440","CR","12","1","Costa Rica","Americas","Latin America and the Caribbean",0,0.330070612061433,"Yes"
"441","CZ","12","1","Czechia","Europe","Eastern Europe",634,0.330070612061433,"Yes"
"442","DE","12","1","Germany","Europe","Western Europe",350,0.330070612061433,"Yes"
"443","DK","12","1","Denmark","Europe","Northern Europe",0,0.330070612061433,"Yes"
"444","ES","12","1","Spain","Europe","Southern Europe",50,0.330070612061433,"Yes"
"445","FR","12","1","France","Europe","Western Europe",100,0.330070612061433,"Yes"
"446","GB","12","1","United Kingdom of Great Britain and Northern Ireland","Europe","Northern Europe",0,0.330070612061433,"Yes"
"447","HK","12","1","Hong Kong","Asia","Eastern Asia",0,0.330070612061433,"Yes"
"448","HU","12","1","Hungary","Europe","Eastern Europe",0,0.330070612061433,"Yes"
"449","ID","12","1","Indonesia","Asia","South-eastern Asia",0,0.330070612061433,"Yes"
"450","IE","12","1","Ireland","Europe","Northern Europe",0,0.330070612061433,"Yes"
"451","IT","12","1","Italy","Europe","Southern Europe",0,0.330070612061433,"Yes"
"452","JO","12","2","Jordan","Asia","Western Asia",0,0.330070612061433,"No"
"453","JP","12","1","Japan","Asia","Eastern Asia",1317,0.330070612061433,"Yes"
"454","KP","12","NP","Korea (Democratic People's Republic of)","Asia","Eastern Asia",0,0.330070612061433,"No"
"455","KR","12","1","Korea, Republic of","Asia","Eastern Asia",0,0.330070612061433,"Yes"
"456","MA","12","2","Morocco","Africa","Northern Africa",0,0.330070612061433,"No"
"457","MX","12","1","Mexico","Americas","Latin America and the Caribbean",0,0.330070612061433,"Yes"
"458","NL","12","1","Netherlands","Europe","Western Europe",200,0.330070612061433,"Yes"
"459","PT","12","1","Portugal","Europe","Southern Europe",0,0.330070612061433,"Yes"
"460","RS","12","3","Serbia","Europe","Southern Europe",0,0.330070612061433,"No"
"461","RU","12","1","Russian Federation","Europe","Eastern Europe",204,0.330070612061433,"Yes"
"462","SK","12","1","Slovakia","Europe","Eastern Europe",0,0.330070612061433,"Yes"
"463","SV","12","1","El Salvador","Americas","Latin America and the Caribbean",0,0.330070612061433,"Yes"
"464","TH","12","1","Thailand","Asia","South-eastern Asia",0,0.330070612061433,"Yes"
"465","TW","12","NP","Taiwan, Province of China","Asia","Eastern Asia",22,0.330070612061433,"No"
"466","UA","12","1","Ukraine","Europe","Eastern Europe",0,0.330070612061433,"Yes"
"467","US","12","1","United States of America","Americas","Northern America",7092,0.330070612061433,"Yes"
"468","ZA","12","2","South Africa","Africa","Sub-Saharan Africa",0,0.330070612061433,"No"
"469","BD","13","2","Bangladesh","Asia","Southern Asia",0,0.495105918092149,"No"
"470","BE","13","1","Belgium","Europe","Western Europe",0,0.495105918092149,"Yes"
"471","CA","13","1","Canada","Americas","Northern America",1359,0.495105918092149,"Yes"
"472","CH","13","1","Switzerland","Europe","Western Europe",555,0.495105918092149,"Yes"
"473","CL","13","2","Chile","Americas","Latin America and the Caribbean",0,0.495105918092149,"No"
"474","CN","13","1","China","Asia","Eastern Asia",29,0.495105918092149,"Yes"
"475","CO","13","1","Colombia","Americas","Latin America and the Caribbean",0,0.495105918092149,"Yes"
"476","CR","13","1","Costa Rica","Americas","Latin America and the Caribbean",0,0.495105918092149,"Yes"
"477","CZ","13","1","Czechia","Europe","Eastern Europe",342,0.495105918092149,"Yes"
"478","DE","13","1","Germany","Europe","Western Europe",357,0.495105918092149,"Yes"
"479","DK","13","1","Denmark","Europe","Northern Europe",0,0.495105918092149,"Yes"
"480","ES","13","1","Spain","Europe","Southern Europe",43,0.495105918092149,"Yes"
"481","FR","13","1","France","Europe","Western Europe",50,0.495105918092149,"Yes"
"482","GB","13","1","United Kingdom of Great Britain and Northern Ireland","Europe","Northern Europe",0,0.495105918092149,"Yes"
"483","HK","13","1","Hong Kong","Asia","Eastern Asia",111,0.495105918092149,"Yes"
"484","HU","13","1","Hungary","Europe","Eastern Europe",0,0.495105918092149,"Yes"
"485","ID","13","1","Indonesia","Asia","South-eastern Asia",0,0.495105918092149,"Yes"
"486","IE","13","1","Ireland","Europe","Northern Europe",0,0.495105918092149,"Yes"
"487","IT","13","1","Italy","Europe","Southern Europe",62,0.495105918092149,"Yes"
"488","JO","13","2","Jordan","Asia","Western Asia",0,0.495105918092149,"No"
"489","JP","13","1","Japan","Asia","Eastern Asia",1316,0.495105918092149,"Yes"
"490","KP","13","NP","Korea (Democratic People's Republic of)","Asia","Eastern Asia",0,0.495105918092149,"No"
"491","KR","13","1","Korea, Republic of","Asia","Eastern Asia",0,0.495105918092149,"Yes"
"492","MA","13","2","Morocco","Africa","Northern Africa",0,0.495105918092149,"No"
"493","MX","13","1","Mexico","Americas","Latin America and the Caribbean",0,0.495105918092149,"Yes"
"494","NL","13","1","Netherlands","Europe","Western Europe",2228,0.495105918092149,"Yes"
"495","PT","13","1","Portugal","Europe","Southern Europe",0,0.495105918092149,"Yes"
"496","RS","13","2","Serbia","Europe","Southern Europe",0,0.495105918092149,"No"
"497","RU","13","1","Russian Federation","Europe","Eastern Europe",140,0.495105918092149,"Yes"
"498","SK","13","1","Slovakia","Europe","Eastern Europe",0,0.495105918092149,"Yes"
"499","SV","13","1","El Salvador","Americas","Latin America and the Caribbean",0,0.495105918092149,"Yes"
"500","TH","13","1","Thailand","Asia","South-eastern Asia",210,0.495105918092149,"Yes"
"501","TW","13","NP","Taiwan, Province of China","Asia","Eastern Asia",550,0.495105918092149,"No"
"502","UA","13","1","Ukraine","Europe","Eastern Europe",470,0.495105918092149,"Yes"
"503","US","13","1","United States of America","Americas","Northern America",9886,0.495105918092149,"Yes"
"504","ZA","13","1","South Africa","Africa","Sub-Saharan Africa",0,0.495105918092149,"Yes"
"505","BD","14","2","Bangladesh","Asia","Southern Asia",0,0.660141224122866,"No"
"506","BE","14","1","Belgium","Europe","Western Europe",0,0.660141224122866,"Yes"
"507","CA","14","1","Canada","Americas","Northern America",735,0.660141224122866,"Yes"
"508","CH","14","1","Switzerland","Europe","Western Europe",110,0.660141224122866,"Yes"
"509","CL","14","2","Chile","Americas","Latin America and the Caribbean",0,0.660141224122866,"No"
"510","CN","14","1","China","Asia","Eastern Asia",0,0.660141224122866,"Yes"
"511","CO","14","1","Colombia","Americas","Latin America and the Caribbean",130,0.660141224122866,"Yes"
"512","CR","14","1","Costa Rica","Americas","Latin America and the Caribbean",0,0.660141224122866,"Yes"
"513","CZ","14","1","Czechia","Europe","Eastern Europe",192,0.660141224122866,"Yes"
"514","DE","14","1","Germany","Europe","Western Europe",0,0.660141224122866,"Yes"
"515","DK","14","1","Denmark","Europe","Northern Europe",25,0.660141224122866,"Yes"
"516","ES","14","1","Spain","Europe","Southern Europe",0,0.660141224122866,"Yes"
"517","FR","14","1","France","Europe","Western Europe",0,0.660141224122866,"Yes"
"518","GB","14","1","United Kingdom of Great Britain and Northern Ireland","Europe","Northern Europe",16,0.660141224122866,"Yes"
"519","HK","14","1","Hong Kong","Asia","Eastern Asia",123,0.660141224122866,"Yes"
"520","HU","14","1","Hungary","Europe","Eastern Europe",0,0.660141224122866,"Yes"
"521","ID","14","1","Indonesia","Asia","South-eastern Asia",0,0.660141224122866,"Yes"
"522","IE","14","1","Ireland","Europe","Northern Europe",0,0.660141224122866,"Yes"
"523","IT","14","1","Italy","Europe","Southern Europe",0,0.660141224122866,"Yes"
"524","JO","14","2","Jordan","Asia","Western Asia",0,0.660141224122866,"No"
"525","JP","14","1","Japan","Asia","Eastern Asia",1300,0.660141224122866,"Yes"
"526","KP","14","NP","Korea (Democratic People's Republic of)","Asia","Eastern Asia",0,0.660141224122866,"No"
"527","KR","14","1","Korea, Republic of","Asia","Eastern Asia",0,0.660141224122866,"Yes"
"528","MA","14","2","Morocco","Africa","Northern Africa",0,0.660141224122866,"No"
"529","MX","14","1","Mexico","Americas","Latin America and the Caribbean",0,0.660141224122866,"Yes"
"530","NL","14","1","Netherlands","Europe","Western Europe",1604,0.660141224122866,"Yes"
"531","PT","14","1","Portugal","Europe","Southern Europe",0,0.660141224122866,"Yes"
"532","RS","14","2","Serbia","Europe","Southern Europe",0,0.660141224122866,"No"
"533","RU","14","1","Russian Federation","Europe","Eastern Europe",0,0.660141224122866,"Yes"
"534","SK","14","1","Slovakia","Europe","Eastern Europe",0,0.660141224122866,"Yes"
"535","SV","14","1","El Salvador","Americas","Latin America and the Caribbean",0,0.660141224122866,"Yes"
"536","TH","14","1","Thailand","Asia","South-eastern Asia",0,0.660141224122866,"Yes"
"537","TW","14","NP","Taiwan, Province of China","Asia","Eastern Asia",0,0.660141224122866,"No"
"538","UA","14","1","Ukraine","Europe","Eastern Europe",114,0.660141224122866,"Yes"
"539","US","14","1","United States of America","Americas","Northern America",4331,0.660141224122866,"Yes"
"540","ZA","14","1","South Africa","Africa","Sub-Saharan Africa",0,0.660141224122866,"Yes"
"541","BD","15","2","Bangladesh","Asia","Southern Asia",0,0.825176530153582,"No"
"542","BE","15","1","Belgium","Europe","Western Europe",0,0.825176530153582,"Yes"
"543","CA","15","1","Canada","Americas","Northern America",186,0.825176530153582,"Yes"
"544","CH","15","1","Switzerland","Europe","Western Europe",394,0.825176530153582,"Yes"
"545","CL","15","2","Chile","Americas","Latin America and the Caribbean",0,0.825176530153582,"No"
"546","CN","15","1","China","Asia","Eastern Asia",161,0.825176530153582,"Yes"
"547","CO","15","1","Colombia","Americas","Latin America and the Caribbean",0,0.825176530153582,"Yes"
"548","CR","15","1","Costa Rica","Americas","Latin America and the Caribbean",0,0.825176530153582,"Yes"
"549","CZ","15","1","Czechia","Europe","Eastern Europe",553,0.825176530153582,"Yes"
"550","DE","15","1","Germany","Europe","Western Europe",0,0.825176530153582,"Yes"
"551","DK","15","1","Denmark","Europe","Northern Europe",0,0.825176530153582,"Yes"
"552","ES","15","1","Spain","Europe","Southern Europe",140,0.825176530153582,"Yes"
"553","FR","15","1","France","Europe","Western Europe",65,0.825176530153582,"Yes"
"554","GB","15","1","United Kingdom of Great Britain and Northern Ireland","Europe","Northern Europe",583,0.825176530153582,"Yes"
"555","HK","15","1","Hong Kong","Asia","Eastern Asia",350,0.825176530153582,"Yes"
"556","HU","15","1","Hungary","Europe","Eastern Europe",60,0.825176530153582,"Yes"
"557","ID","15","1","Indonesia","Asia","South-eastern Asia",65,0.825176530153582,"Yes"
"558","IE","15","1","Ireland","Europe","Northern Europe",0,0.825176530153582,"Yes"
"559","IT","15","1","Italy","Europe","Southern Europe",0,0.825176530153582,"Yes"
"560","JO","15","2","Jordan","Asia","Western Asia",0,0.825176530153582,"No"
"561","JP","15","1","Japan","Asia","Eastern Asia",1126,0.825176530153582,"Yes"
"562","KP","15","NP","Korea (Democratic People's Republic of)","Asia","Eastern Asia",0,0.825176530153582,"No"
"563","KR","15","1","Korea, Republic of","Asia","Eastern Asia",0,0.825176530153582,"Yes"
"564","MA","15","2","Morocco","Africa","Northern Africa",0,0.825176530153582,"No"
"565","MX","15","1","Mexico","Americas","Latin America and the Caribbean",0,0.825176530153582,"Yes"
"566","NL","15","1","Netherlands","Europe","Western Europe",649,0.825176530153582,"Yes"
"567","PT","15","1","Portugal","Europe","Southern Europe",0,0.825176530153582,"Yes"
"568","RS","15","2","Serbia","Europe","Southern Europe",0,0.825176530153582,"No"
"569","RU","15","1","Russian Federation","Europe","Eastern Europe",100,0.825176530153582,"Yes"
"570","SK","15","1","Slovakia","Europe","Eastern Europe",0,0.825176530153582,"Yes"
"571","SV","15","1","El Salvador","Americas","Latin America and the Caribbean",0,0.825176530153582,"Yes"
"572","TH","15","1","Thailand","Asia","South-eastern Asia",0,0.825176530153582,"Yes"
"573","TW","15","NP","Taiwan, Province of China","Asia","Eastern Asia",0,0.825176530153582,"No"
"574","UA","15","1","Ukraine","Europe","Eastern Europe",0,0.825176530153582,"Yes"
"575","US","15","1","United States of America","Americas","Northern America",5044,0.825176530153582,"Yes"
"576","ZA","15","1","South Africa","Africa","Sub-Saharan Africa",0,0.825176530153582,"Yes"
"577","BD","16","2","Bangladesh","Asia","Southern Asia",0,0.990211836184299,"No"
"578","BE","16","1","Belgium","Europe","Western Europe",0,0.990211836184299,"Yes"
"579","CA","16","1","Canada","Americas","Northern America",0,0.990211836184299,"Yes"
"580","CH","16","1","Switzerland","Europe","Western Europe",0,0.990211836184299,"Yes"
"581","CL","16","2","Chile","Americas","Latin America and the Caribbean",0,0.990211836184299,"No"
"582","CN","16","1","China","Asia","Eastern Asia",0,0.990211836184299,"Yes"
"583","CO","16","1","Colombia","Americas","Latin America and the Caribbean",0,0.990211836184299,"Yes"
"584","CR","16","1","Costa Rica","Americas","Latin America and the Caribbean",0,0.990211836184299,"Yes"
"585","CZ","16","1","Czechia","Europe","Eastern Europe",175,0.990211836184299,"Yes"
"586","DE","16","1","Germany","Europe","Western Europe",60,0.990211836184299,"Yes"
"587","DK","16","1","Denmark","Europe","Northern Europe",19,0.990211836184299,"Yes"
"588","ES","16","1","Spain","Europe","Southern Europe",80,0.990211836184299,"Yes"
"589","FR","16","1","France","Europe","Western Europe",42,0.990211836184299,"Yes"
"590","GB","16","1","United Kingdom of Great Britain and Northern Ireland","Europe","Northern Europe",190,0.990211836184299,"Yes"
"591","HK","16","1","Hong Kong","Asia","Eastern Asia",875,0.990211836184299,"Yes"
"592","HU","16","1","Hungary","Europe","Eastern Europe",102,0.990211836184299,"Yes"
"593","ID","16","1","Indonesia","Asia","South-eastern Asia",65,0.990211836184299,"Yes"
"594","IE","16","1","Ireland","Europe","Northern Europe",0,0.990211836184299,"Yes"
"595","IT","16","1","Italy","Europe","Southern Europe",0,0.990211836184299,"Yes"
"596","JO","16","2","Jordan","Asia","Western Asia",0,0.990211836184299,"No"
"597","JP","16","1","Japan","Asia","Eastern Asia",842,0.990211836184299,"Yes"
"598","KP","16","NP","Korea (Democratic People's Republic of)","Asia","Eastern Asia",0,0.990211836184299,"No"
"599","KR","16","1","Korea, Republic of","Asia","Eastern Asia",0,0.990211836184299,"Yes"
"600","MA","16","2","Morocco","Africa","Northern Africa",0,0.990211836184299,"No"
"601","MX","16","1","Mexico","Americas","Latin America and the Caribbean",0,0.990211836184299,"Yes"
"602","NL","16","1","Netherlands","Europe","Western Europe",250,0.990211836184299,"Yes"
"603","PT","16","1","Portugal","Europe","Southern Europe",0,0.990211836184299,"Yes"
"604","RS","16","1","Serbia","Europe","Southern Europe",0,0.990211836184299,"Yes"
"605","RU","16","1","Russian Federation","Europe","Eastern Europe",394,0.990211836184299,"Yes"
"606","SK","16","1","Slovakia","Europe","Eastern Europe",0,0.990211836184299,"Yes"
"607","SV","16","1","El Salvador","Americas","Latin America and the Caribbean",0,0.990211836184299,"Yes"
"608","TH","16","1","Thailand","Asia","South-eastern Asia",0,0.990211836184299,"Yes"
"609","TW","16","NP","Taiwan, Province of China","Asia","Eastern Asia",0,0.990211836184299,"No"
"610","UA","16","1","Ukraine","Europe","Eastern Europe",0,0.990211836184299,"Yes"
"611","US","16","1","United States of America","Americas","Northern America",3337,0.990211836184299,"Yes"
"612","ZA","16","1","South Africa","Africa","Sub-Saharan Africa",0,0.990211836184299,"Yes"
"613","BD","17","2","Bangladesh","Asia","Southern Asia",0,1.15524714221502,"No"
"614","BE","17","1","Belgium","Europe","Western Europe",0,1.15524714221502,"Yes"
"615","CA","17","1","Canada","Americas","Northern America",153,1.15524714221502,"Yes"
"616","CH","17","1","Switzerland","Europe","Western Europe",46,1.15524714221502,"Yes"
"617","CL","17","1","Chile","Americas","Latin America and the Caribbean",0,1.15524714221502,"Yes"
"618","CN","17","1","China","Asia","Eastern Asia",0,1.15524714221502,"Yes"
"619","CO","17","1","Colombia","Americas","Latin America and the Caribbean",0,1.15524714221502,"Yes"
"620","CR","17","1","Costa Rica","Americas","Latin America and the Caribbean",0,1.15524714221502,"Yes"
"621","CZ","17","1","Czechia","Europe","Eastern Europe",134,1.15524714221502,"Yes"
"622","DE","17","1","Germany","Europe","Western Europe",155,1.15524714221502,"Yes"
"623","DK","17","1","Denmark","Europe","Northern Europe",80,1.15524714221502,"Yes"
"624","ES","17","1","Spain","Europe","Southern Europe",158,1.15524714221502,"Yes"
"625","FR","17","1","France","Europe","Western Europe",0,1.15524714221502,"Yes"
"626","GB","17","1","United Kingdom of Great Britain and Northern Ireland","Europe","Northern Europe",0,1.15524714221502,"Yes"
"627","HK","17","1","Hong Kong","Asia","Eastern Asia",298,1.15524714221502,"Yes"
"628","HU","17","1","Hungary","Europe","Eastern Europe",324,1.15524714221502,"Yes"
"629","ID","17","1","Indonesia","Asia","South-eastern Asia",0,1.15524714221502,"Yes"
"630","IE","17","1","Ireland","Europe","Northern Europe",102,1.15524714221502,"Yes"
"631","IT","17","1","Italy","Europe","Southern Europe",0,1.15524714221502,"Yes"
"632","JO","17","2","Jordan","Asia","Western Asia",0,1.15524714221502,"No"
"633","JP","17","1","Japan","Asia","Eastern Asia",834,1.15524714221502,"Yes"
"634","KP","17","NP","Korea (Democratic People's Republic of)","Asia","Eastern Asia",0,1.15524714221502,"No"
"635","KR","17","1","Korea, Republic of","Asia","Eastern Asia",0,1.15524714221502,"Yes"
"636","MA","17","1","Morocco","Africa","Northern Africa",0,1.15524714221502,"Yes"
"637","MX","17","1","Mexico","Americas","Latin America and the Caribbean",0,1.15524714221502,"Yes"
"638","NL","17","1","Netherlands","Europe","Western Europe",203,1.15524714221502,"Yes"
"639","PT","17","1","Portugal","Europe","Southern Europe",0,1.15524714221502,"Yes"
"640","RS","17","1","Serbia","Europe","Southern Europe",0,1.15524714221502,"Yes"
"641","RU","17","1","Russian Federation","Europe","Eastern Europe",26,1.15524714221502,"Yes"
"642","SK","17","1","Slovakia","Europe","Eastern Europe",0,1.15524714221502,"Yes"
"643","SV","17","1","El Salvador","Americas","Latin America and the Caribbean",0,1.15524714221502,"Yes"
"644","TH","17","1","Thailand","Asia","South-eastern Asia",0,1.15524714221502,"Yes"
"645","TW","17","NP","Taiwan, Province of China","Asia","Eastern Asia",0,1.15524714221502,"No"
"646","UA","17","1","Ukraine","Europe","Eastern Europe",0,1.15524714221502,"Yes"
"647","US","17","1","United States of America","Americas","Northern America",6215,1.15524714221502,"Yes"
"648","ZA","17","1","South Africa","Africa","Sub-Saharan Africa",20,1.15524714221502,"Yes"
"649","BD","18","2","Bangladesh","Asia","Southern Asia",0,1.32028244824573,"No"
"650","BE","18","1","Belgium","Europe","Western Europe",0,1.32028244824573,"Yes"
"651","CA","18","1","Canada","Americas","Northern America",220,1.32028244824573,"Yes"
"652","CH","18","1","Switzerland","Europe","Western Europe",50,1.32028244824573,"Yes"
"653","CL","18","1","Chile","Americas","Latin America and the Caribbean",0,1.32028244824573,"Yes"
"654","CN","18","1","China","Asia","Eastern Asia",0,1.32028244824573,"Yes"
"655","CO","18","1","Colombia","Americas","Latin America and the Caribbean",0,1.32028244824573,"Yes"
"656","CR","18","1","Costa Rica","Americas","Latin America and the Caribbean",0,1.32028244824573,"Yes"
"657","CZ","18","1","Czechia","Europe","Eastern Europe",165,1.32028244824573,"Yes"
"658","DE","18","1","Germany","Europe","Western Europe",30,1.32028244824573,"Yes"
"659","DK","18","1","Denmark","Europe","Northern Europe",62,1.32028244824573,"Yes"
"660","ES","18","1","Spain","Europe","Southern Europe",597,1.32028244824573,"Yes"
"661","FR","18","1","France","Europe","Western Europe",0,1.32028244824573,"Yes"
"662","GB","18","1","United Kingdom of Great Britain and Northern Ireland","Europe","Northern Europe",0,1.32028244824573,"Yes"
"663","HK","18","1","Hong Kong","Asia","Eastern Asia",89,1.32028244824573,"Yes"
"664","HU","18","1","Hungary","Europe","Eastern Europe",115,1.32028244824573,"Yes"
"665","ID","18","1","Indonesia","Asia","South-eastern Asia",100,1.32028244824573,"Yes"
"666","IE","18","1","Ireland","Europe","Northern Europe",0,1.32028244824573,"Yes"
"667","IT","18","1","Italy","Europe","Southern Europe",0,1.32028244824573,"Yes"
"668","JO","18","2","Jordan","Asia","Western Asia",0,1.32028244824573,"No"
"669","JP","18","1","Japan","Asia","Eastern Asia",1558,1.32028244824573,"Yes"
"670","KP","18","NP","Korea (Democratic People's Republic of)","Asia","Eastern Asia",34,1.32028244824573,"No"
"671","KR","18","1","Korea, Republic of","Asia","Eastern Asia",93,1.32028244824573,"Yes"
"672","MA","18","1","Morocco","Africa","Northern Africa",0,1.32028244824573,"Yes"
"673","MX","18","1","Mexico","Americas","Latin America and the Caribbean",0,1.32028244824573,"Yes"
"674","NL","18","1","Netherlands","Europe","Western Europe",208,1.32028244824573,"Yes"
"675","PT","18","1","Portugal","Europe","Southern Europe",0,1.32028244824573,"Yes"
"676","RS","18","1","Serbia","Europe","Southern Europe",0,1.32028244824573,"Yes"
"677","RU","18","1","Russian Federation","Europe","Eastern Europe",30,1.32028244824573,"Yes"
"678","SK","18","1","Slovakia","Europe","Eastern Europe",0,1.32028244824573,"Yes"
"679","SV","18","1","El Salvador","Americas","Latin America and the Caribbean",0,1.32028244824573,"Yes"
"680","TH","18","1","Thailand","Asia","South-eastern Asia",0,1.32028244824573,"Yes"
"681","TW","18","NP","Taiwan, Province of China","Asia","Eastern Asia",843,1.32028244824573,"No"
"682","UA","18","1","Ukraine","Europe","Eastern Europe",0,1.32028244824573,"Yes"
"683","US","18","1","United States of America","Americas","Northern America",7080,1.32028244824573,"Yes"
"684","ZA","18","1","South Africa","Africa","Sub-Saharan Africa",77,1.32028244824573,"Yes"
"685","BD","19","2","Bangladesh","Asia","Southern Asia",0,1.48531775427645,"No"
"686","BE","19","1","Belgium","Europe","Western Europe",0,1.48531775427645,"Yes"
"687","CA","19","1","Canada","Americas","Northern America",283,1.48531775427645,"Yes"
"688","CH","19","1","Switzerland","Europe","Western Europe",0,1.48531775427645,"Yes"
"689","CL","19","1","Chile","Americas","Latin America and the Caribbean",0,1.48531775427645,"Yes"
"690","CN","19","1","China","Asia","Eastern Asia",0,1.48531775427645,"Yes"
"691","CO","19","1","Colombia","Americas","Latin America and the Caribbean",0,1.48531775427645,"Yes"
"692","CR","19","1","Costa Rica","Americas","Latin America and the Caribbean",0,1.48531775427645,"Yes"
"693","CZ","19","1","Czechia","Europe","Eastern Europe",148,1.48531775427645,"Yes"
"694","DE","19","1","Germany","Europe","Western Europe",0,1.48531775427645,"Yes"
"695","DK","19","1","Denmark","Europe","Northern Europe",23,1.48531775427645,"Yes"
"696","ES","19","1","Spain","Europe","Southern Europe",402,1.48531775427645,"Yes"
"697","FR","19","1","France","Europe","Western Europe",0,1.48531775427645,"Yes"
"698","GB","19","1","United Kingdom of Great Britain and Northern Ireland","Europe","Northern Europe",0,1.48531775427645,"Yes"
"699","HK","19","1","Hong Kong","Asia","Eastern Asia",152,1.48531775427645,"Yes"
"700","HU","19","1","Hungary","Europe","Eastern Europe",145,1.48531775427645,"Yes"
"701","ID","19","1","Indonesia","Asia","South-eastern Asia",0,1.48531775427645,"Yes"
"702","IE","19","1","Ireland","Europe","Northern Europe",0,1.48531775427645,"Yes"
"703","IT","19","1","Italy","Europe","Southern Europe",0,1.48531775427645,"Yes"
"704","JO","19","2","Jordan","Asia","Western Asia",0,1.48531775427645,"No"
"705","JP","19","1","Japan","Asia","Eastern Asia",2083,1.48531775427645,"Yes"
"706","KP","19","NP","Korea (Democratic People's Republic of)","Asia","Eastern Asia",0,1.48531775427645,"No"
"707","KR","19","1","Korea, Republic of","Asia","Eastern Asia",88,1.48531775427645,"Yes"
"708","MA","19","1","Morocco","Africa","Northern Africa",0,1.48531775427645,"Yes"
"709","MX","19","1","Mexico","Americas","Latin America and the Caribbean",0,1.48531775427645,"Yes"
"710","NL","19","1","Netherlands","Europe","Western Europe",442,1.48531775427645,"Yes"
"711","PT","19","1","Portugal","Europe","Southern Europe",0,1.48531775427645,"Yes"
"712","RS","19","1","Serbia","Europe","Southern Europe",0,1.48531775427645,"Yes"
"713","RU","19","1","Russian Federation","Europe","Eastern Europe",0,1.48531775427645,"Yes"
"714","SK","19","1","Slovakia","Europe","Eastern Europe",0,1.48531775427645,"Yes"
"715","SV","19","1","El Salvador","Americas","Latin America and the Caribbean",0,1.48531775427645,"Yes"
"716","TH","19","1","Thailand","Asia","South-eastern Asia",0,1.48531775427645,"Yes"
"717","TW","19","NP","Taiwan, Province of China","Asia","Eastern Asia",0,1.48531775427645,"No"
"718","UA","19","1","Ukraine","Europe","Eastern Europe",0,1.48531775427645,"Yes"
"719","US","19","1","United States of America","Americas","Northern America",4768,1.48531775427645,"Yes"
"720","ZA","19","1","South Africa","Africa","Sub-Saharan Africa",18,1.48531775427645,"Yes"
"721","BD","20","2","Bangladesh","Asia","Southern Asia",0,1.65035306030716,"No"
"722","BE","20","1","Belgium","Europe","Western Europe",0,1.65035306030716,"Yes"
"723","CA","20","1","Canada","Americas","Northern America",184,1.65035306030716,"Yes"
"724","CH","20","1","Switzerland","Europe","Western Europe",0,1.65035306030716,"Yes"
"725","CL","20","1","Chile","Americas","Latin America and the Caribbean",0,1.65035306030716,"Yes"
"726","CN","20","1","China","Asia","Eastern Asia",0,1.65035306030716,"Yes"
"727","CO","20","1","Colombia","Americas","Latin America and the Caribbean",0,1.65035306030716,"Yes"
"728","CR","20","1","Costa Rica","Americas","Latin America and the Caribbean",0,1.65035306030716,"Yes"
"729","CZ","20","1","Czechia","Europe","Eastern Europe",97,1.65035306030716,"Yes"
"730","DE","20","1","Germany","Europe","Western Europe",0,1.65035306030716,"Yes"
"731","DK","20","1","Denmark","Europe","Northern Europe",0,1.65035306030716,"Yes"
"732","ES","20","1","Spain","Europe","Southern Europe",397,1.65035306030716,"Yes"
"733","FR","20","1","France","Europe","Western Europe",0,1.65035306030716,"Yes"
"734","GB","20","1","United Kingdom of Great Britain and Northern Ireland","Europe","Northern Europe",20,1.65035306030716,"Yes"
"735","HK","20","1","Hong Kong","Asia","Eastern Asia",5,1.65035306030716,"Yes"
"736","HU","20","1","Hungary","Europe","Eastern Europe",110,1.65035306030716,"Yes"
"737","ID","20","1","Indonesia","Asia","South-eastern Asia",0,1.65035306030716,"Yes"
"738","IE","20","1","Ireland","Europe","Northern Europe",0,1.65035306030716,"Yes"
"739","IT","20","1","Italy","Europe","Southern Europe",0,1.65035306030716,"Yes"
"740","JO","20","2","Jordan","Asia","Western Asia",10,1.65035306030716,"No"
"741","JP","20","1","Japan","Asia","Eastern Asia",230,1.65035306030716,"Yes"
"742","KP","20","NP","Korea (Democratic People's Republic of)","Asia","Eastern Asia",0,1.65035306030716,"No"
"743","KR","20","1","Korea, Republic of","Asia","Eastern Asia",0,1.65035306030716,"Yes"
"744","MA","20","1","Morocco","Africa","Northern Africa",0,1.65035306030716,"Yes"
"745","MX","20","1","Mexico","Americas","Latin America and the Caribbean",0,1.65035306030716,"Yes"
"746","NL","20","1","Netherlands","Europe","Western Europe",0,1.65035306030716,"Yes"
"747","PT","20","1","Portugal","Europe","Southern Europe",0,1.65035306030716,"Yes"
"748","RS","20","1","Serbia","Europe","Southern Europe",0,1.65035306030716,"Yes"
"749","RU","20","1","Russian Federation","Europe","Eastern Europe",125,1.65035306030716,"Yes"
"750","SK","20","1","Slovakia","Europe","Eastern Europe",0,1.65035306030716,"Yes"
"751","SV","20","1","El Salvador","Americas","Latin America and the Caribbean",0,1.65035306030716,"Yes"
"752","TH","20","1","Thailand","Asia","South-eastern Asia",0,1.65035306030716,"Yes"
"753","TW","20","NP","Taiwan, Province of China","Asia","Eastern Asia",0,1.65035306030716,"No"
"754","UA","20","1","Ukraine","Europe","Eastern Europe",0,1.65035306030716,"Yes"
"755","US","20","1","United States of America","Americas","Northern America",327,1.65035306030716,"Yes"
"756","ZA","20","1","South Africa","Africa","Sub-Saharan Africa",0,1.65035306030716,"Yes"
